[
  {
    "Title": "Winter",
    "Id": "001",
    "Participants": 92
  },
  {
    "Title": "Snowy trees",
    "Id": "002",
    "Participants": 81
  },
  {
    "Title": "Dominant blue",
    "Id": "003",
    "Participants": 13
  },
  {
    "Title": "Retro",
    "Id": "004",
    "Participants": 67
  },
  {
    "Title": "Under water",
    "Id": "005",
    "Participants": 35
  },
  {
    "Title": "Cats",
    "Id": "006",
    "Participants": 22
  },
  {
    "Title": "Christmas lights",
    "Id": "007",
    "Participants": 86
  },
  {
    "Title": "Beaches",
    "Id": "008",
    "Participants": 76
  },
  {
    "Title": "Metropolitan",
    "Id": "009",
    "Participants": 57
  },
  {
    "Title": "Landscapes",
    "Id": "010",
    "Participants": 30
  },
  {
    "Title": "Boats",
    "Id": "011",
    "Participants": 75
  },
  {
    "Title": "Golden hour",
    "Id": "012",
    "Participants": 27
  },
  {
    "Title": "The Great Outdoors",
    "Id": "013",
    "Participants": 76
  },
  {
    "Title": "City Lights",
    "Id": "014",
    "Participants": 78
  },
  {
    "Title": "Adventures",
    "Id": "015",
    "Participants": 97
  },
  {
    "Title": "Landmarks",
    "Id": "016",
    "Participants": 66
  },
  {
    "Title": "Bridges",
    "Id": "017",
    "Participants": 81
  },
  {
    "Title": "Snow",
    "Id": "018",
    "Participants": 34
  },
  {
    "Title": "Remote places",
    "Id": "019",
    "Participants": 81
  },
  {
    "Title": "Dominant white",
    "Id": "020",
    "Participants": 89
  },
  {
    "Title": "Sea creatures",
    "Id": "021",
    "Participants": 46
  },
  {
    "Title": "Spring is coming",
    "Id": "022",
    "Participants": 49
  },
  {
    "Title": "Wild nature",
    "Id": "023",
    "Participants": 81
  },
  {
    "Title": "Black and white",
    "Id": "024",
    "Participants": 41
  },
  {
    "Title": "Cat Portraits",
    "Id": "025",
    "Participants": 56
  },
  {
    "Title": "Skyscrapers",
    "Id": "026",
    "Participants": 53
  },
  {
    "Title": "Up in the mountain",
    "Id": "027",
    "Participants": 32
  },
  {
    "Title": "Wideness",
    "Id": "028",
    "Participants": 39
  },
  {
    "Title": "Passions",
    "Id": "029",
    "Participants": 50
  },
  {
    "Title": "Dogs",
    "Id": "030",
    "Participants": 89
  }
]
