[
  {
    "name": "default",
    "swatches": [
      { "name": "default-main" },
      { "name": "default-main-dark" },
      { "name": "default-purple" },
      { "name": "default-turquoise" },
      { "name": "default-nordic" }
    ]
  },
  {
    "name": "bootstrap",
    "swatches": [
      { "name": "bootstrap-main" },
      { "name": "bootstrap-main-dark" },
      { "name": "bootstrap-urban" },
      { "name": "bootstrap-nordic" },
      { "name": "bootstrap-vintage" }
    ]
  },
  {
    "name": "material",
    "swatches": [
      { "name": "material-main" },
      { "name": "material-main-dark" },
      { "name": "material-lime-dark" },
      { "name": "material-nova" },
      { "name": "material-arctic" }
    ]
  },
  {
    "name": "classic",
    "swatches": [
      { "name": "classic-main" },
      { "name": "classic-main-dark" },
      { "name": "classic-silver" },
      { "name": "classic-opal" }
    ]
  }
]
