[
  {
    "name": "default",
    "title": "Default",
    "primary": "#ff6358",
    "swatches": [
      {
        "name": "default-blue",
        "title": "Blue",
        "palette": [
          "#ffffff",
          "#f5f5f5",
          "#23bde0",
          "#1d9fbc",
          "#424242"
        ]
      },
      {
        "name": "default-dataviz-v4",
        "title": "Dataviz v4",
        "palette": [
          "#ff6358",
          "#ffd246",
          "#78d237",
          "#28b4c8",
          "#2d73f5"
        ]
      },
      {
        "name": "default-green",
        "title": "Green",
        "palette": [
          "#ffffff",
          "#f5f5f5",
          "#53b827",
          "#469b21",
          "#424242"
        ]
      },
      {
        "name": "default-main-dark",
        "title": "Main Dark",
        "palette": [
          "#000000",
          "#151515",
          "#ff6358",
          "#eb5b51",
          "#ffffff"
        ]
      },
      {
        "name": "default-main",
        "title": "Main",
        "palette": [
          "#ffffff",
          "#f5f5f5",
          "#ff6358",
          "#d6534a",
          "#424242"
        ]
      },
      {
        "name": "default-nordic",
        "title": "Nordic",
        "palette": [
          "#ffffff",
          "#50686e",
          "#01a8c1",
          "#006989",
          "#e7607b"
        ]
      },
      {
        "name": "default-orange",
        "title": "Orange",
        "palette": [
          "#ffffff",
          "#f5f5f5",
          "#ff9411",
          "#d67c0e",
          "#424242"
        ]
      },
      {
        "name": "default-purple",
        "title": "Purple",
        "palette": [
          "#ffffff",
          "#f5f5f5",
          "#bf70cc",
          "#a05eab",
          "#424242"
        ]
      },
      {
        "name": "default-turquoise",
        "title": "Turquoise",
        "palette": [
          "#ffffff",
          "#f5f5f5",
          "#28bfba",
          "#22a09c",
          "#424242"
        ]
      },
      {
        "name": "default-urban",
        "title": "Urban",
        "palette": [
          "#ffffff",
          "#e3eef4",
          "#447a99",
          "#1b4b66",
          "#ff804d"
        ]
      }
    ]
  },
  {
    "name": "bootstrap",
    "title": "Bootstrap",
    "primary": "#0d6efd",
    "swatches": [
      {
        "name": "bootstrap-3-dark",
        "title": "3 Dark",
        "palette": [
          "#000000",
          "#222222",
          "#337ab7",
          "#23527c",
          "#ffffff"
        ]
      },
      {
        "name": "bootstrap-3",
        "title": "3",
        "palette": [
          "#ffffff",
          "#f5f5f5",
          "#337ab7",
          "#23527c",
          "#333333"
        ]
      },
      {
        "name": "bootstrap-4-dark",
        "title": "4 Dark",
        "palette": [
          "#000000",
          "#212529",
          "#007bff",
          "#0056b3",
          "#ffffff"
        ]
      },
      {
        "name": "bootstrap-4",
        "title": "4",
        "palette": [
          "#ffffff",
          "#f8f9fa",
          "#007bff",
          "#0056b3",
          "#212529"
        ]
      },
      {
        "name": "bootstrap-dataviz-v4",
        "title": "Dataviz v4",
        "palette": [
          "#0275d8",
          "#5bc0de",
          "#5cb85c",
          "#f0ad4e",
          "#e67d4a"
        ]
      },
      {
        "name": "bootstrap-main-dark",
        "title": "Main Dark",
        "palette": [
          "#000000",
          "#212529",
          "#0d6efd",
          "#0a58ca",
          "#ffffff"
        ]
      },
      {
        "name": "bootstrap-main",
        "title": "Main",
        "palette": [
          "#ffffff",
          "#f8f9fa",
          "#0d6efd",
          "#0a58ca",
          "#212529"
        ]
      },
      {
        "name": "bootstrap-nordic",
        "title": "Nordic",
        "palette": [
          "#ffffff",
          "#f8f9fa",
          "#e7607b",
          "#da2146",
          "#50686e"
        ]
      },
      {
        "name": "bootstrap-turquoise-dark",
        "title": "Turquoise Dark",
        "palette": [
          "#000000",
          "#292b2c",
          "#10c4b2",
          "#0c9587",
          "#ffffff"
        ]
      },
      {
        "name": "bootstrap-turquoise",
        "title": "Turquoise",
        "palette": [
          "#ffffff",
          "#f2f2f2",
          "#e6e6e6",
          "#34d293",
          "#292b2c"
        ]
      },
      {
        "name": "bootstrap-urban",
        "title": "Urban",
        "palette": [
          "#ffffff",
          "#e3eef4",
          "#ff5c1a",
          "#e65317",
          "#000000"
        ]
      },
      {
        "name": "bootstrap-vintage",
        "title": "Vintage",
        "palette": [
          "#ffffff",
          "#f2efe8",
          "#744662",
          "#44293a",
          "#494138"
        ]
      }
    ]
  },
  {
    "name": "material",
    "title": "Material",
    "primary": "#3f51b5",
    "swatches": [
      {
        "name": "material-aqua-dark",
        "title": "Aqua Dark",
        "palette": [
          "#121212",
          "#212121",
          "#00bcd4",
          "#ffc107",
          "#ffffff"
        ]
      },
      {
        "name": "material-arctic",
        "title": "Arctic",
        "palette": [
          "#ffffff",
          "#e0e0e0",
          "#2196f3",
          "#009688",
          "#252525"
        ]
      },
      {
        "name": "material-burnt-teal",
        "title": "Burnt Teal",
        "palette": [
          "#ffffff",
          "#e0e0e0",
          "#009688",
          "#ff9800",
          "#252525"
        ]
      },
      {
        "name": "material-dataviz-v4",
        "title": "Dataviz v4",
        "palette": [
          "#3f51b5",
          "#2196f3",
          "#43a047",
          "#ffc107",
          "#ff5722"
        ]
      },
      {
        "name": "material-eggplant",
        "title": "Eggplant",
        "palette": [
          "#ffffff",
          "#e0e0e0",
          "#673ab7",
          "#4caf50",
          "#252525"
        ]
      },
      {
        "name": "material-lime-dark",
        "title": "Lime Dark",
        "palette": [
          "#121212",
          "#212121",
          "#cddc39",
          "#03a9f4",
          "#ffffff"
        ]
      },
      {
        "name": "material-lime",
        "title": "Lime",
        "palette": [
          "#ffffff",
          "#e0e0e0",
          "#4caf50",
          "#2196f3",
          "#252525"
        ]
      },
      {
        "name": "material-main-dark",
        "title": "Main Dark",
        "palette": [
          "#121212",
          "#212121",
          "#3f51b5",
          "#e91e63",
          "#ffffff"
        ]
      },
      {
        "name": "material-main",
        "title": "Main",
        "palette": [
          "#ffffff",
          "#e0e0e0",
          "#3f51b5",
          "#e91e63",
          "#252525"
        ]
      },
      {
        "name": "material-nova",
        "title": "Nova",
        "palette": [
          "#ffffff",
          "#e0e0e0",
          "#e91e63",
          "#03a9f4",
          "#252525"
        ]
      },
      {
        "name": "material-pacific-dark",
        "title": "Pacific Dark",
        "palette": [
          "#121212",
          "#212121",
          "#009688",
          "#2196f3",
          "#ffffff"
        ]
      },
      {
        "name": "material-pacific-light",
        "title": "Pacific Light",
        "palette": [
          "#ffffff",
          "#e0e0e0",
          "#3f51b5",
          "#2196f3",
          "#252525"
        ]
      },
      {
        "name": "material-sky-dark",
        "title": "Sky Dark",
        "palette": [
          "#121212",
          "#212121",
          "#2196f3",
          "#e91e63",
          "#ffffff"
        ]
      },
      {
        "name": "material-sky",
        "title": "Sky",
        "palette": [
          "#ffffff",
          "#e0e0e0",
          "#2196f3",
          "#e91e63",
          "#252525"
        ]
      },
      {
        "name": "material-smoke",
        "title": "Smoke",
        "palette": [
          "#ffffff",
          "#e0e0e0",
          "#607d8b",
          "#e91e63",
          "#252525"
        ]
      }
    ]
  },
  {
    "name": "classic",
    "title": "Classic",
    "primary": "#f35800",
    "swatches": [
      {
        "name": "classic-green-dark",
        "title": "Green Dark",
        "palette": [
          "#000000",
          "#131413",
          "#3ea44e",
          "#348a42",
          "#ffffff"
        ]
      },
      {
        "name": "classic-green",
        "title": "Green",
        "palette": [
          "#ffffff",
          "#f3f4f3",
          "#3ea44e",
          "#348a42",
          "#272727"
        ]
      },
      {
        "name": "classic-main-dark",
        "title": "Main Dark",
        "palette": [
          "#000000",
          "#101010",
          "#f35800",
          "#cc4a00",
          "#ffffff"
        ]
      },
      {
        "name": "classic-main",
        "title": "Main",
        "palette": [
          "#ffffff",
          "#f0f0f0",
          "#f35800",
          "#cc4a00",
          "#272727"
        ]
      },
      {
        "name": "classic-opal-dark",
        "title": "Opal Dark",
        "palette": [
          "#000000",
          "#1e242d",
          "#7bd2f6",
          "#2e4e5c",
          "#ffffff"
        ]
      },
      {
        "name": "classic-opal",
        "title": "Opal",
        "palette": [
          "#ffffff",
          "#def4fd",
          "#7bd2f6",
          "#2e4e5c",
          "#003f59"
        ]
      },
      {
        "name": "classic-silver-dark",
        "title": "Silver Dark",
        "palette": [
          "#000000",
          "#131314",
          "#1984c8",
          "#156fa8",
          "#ffffff"
        ]
      },
      {
        "name": "classic-silver",
        "title": "Silver",
        "palette": [
          "#ffffff",
          "#f3f3f4",
          "#1984c8",
          "#156fa8",
          "#515967"
        ]
      }
    ]
  }
]